Designator,Footprint,Quantity,Value,LCSC Part #
"C1, C12, C2, C3, C4, C5, C6, C7, C8, C9",0402,10,100n,
"C10, C11, C15",0402,3,1u,
"C13, C14",0805,2,10u,
"D1, D10, D11, D12, D13, D14, D15, D16, D17, D18, D19, D2, D20, D21, D22, D23, D24, D25, D26, D27, D28, D29, D3, D30, D31, D32, D33, D34, D35, D36, D37, D38, D39, D4, D40, D41, D42, D43, D44, D45, D46, D47, D48, D49, D5, D50, D51, D52, D53, D54, D55, D56, D57, D58, D59, D6, D60, D61, D62, D63, D7, D8, D9",D_SOD-123,63,D,
"D64, D65, D66, D67, D68, D69, D70, D71, D72, D73, D74, D75, D76, D77, D78, D79",LED_WS2812B_PLCC4_5.0x5.0mm_P3.2mm,16,WS2812B,
F1,1206,1,Polyfuse_Small,
J1,60_Outline-Modded,1,PCB Ground,
J2,PinHeader_1x08_P1.27mm_Vertical,1,Conn_01x08_Female,
J3,1X04_1MM_RA,1,QWIIC_CONNECTORJS-1MM,
K1,MXOnly-1U-Hotswap,1,Esc,
K10,MXOnly-1U-Hotswap,1,9,
K11,MXOnly-1U-Hotswap,1,0,
K12,MXOnly-1U-Hotswap,1,-,
K13,MXOnly-1U-Hotswap,1,=,
K14,MXOnly-2U-Hotswap,1,Backspace 2u,
K15,MXOnly-1U-Hotswap,1,\,
K16,MXOnly-1U-Hotswap,1,`,
K17,MXOnly-1.5U-Hotswap,1,Tab 1.5u,
K18,MXOnly-1U-Hotswap,1,Q,
K19,MXOnly-1U-Hotswap,1,W,
K2,MXOnly-1U-Hotswap,1,1,
K20,MXOnly-1U-Hotswap,1,E,
K21,MXOnly-1U-Hotswap,1,R,
K22,MXOnly-1U-Hotswap,1,T,
K23,MXOnly-1U-Hotswap,1,Y,
K24,MXOnly-1U-Hotswap,1,U,
K25,MXOnly-1U-Hotswap,1,I,
K26,MXOnly-1U-Hotswap,1,O,
K27,MXOnly-1U-Hotswap,1,P,
K28,MXOnly-1U-Hotswap,1,[,
K29,MXOnly-1U-Hotswap,1,],
K3,MXOnly-1U-Hotswap,1,2,
K30,MXOnly-1.5U-Hotswap,1,\ 1.5u,
K31,MXOnly-1.25U-Hotswap,1,Caps Stepped,
K32,MXOnly-1.75U-Hotswap,1,Caps 1.75u,
K33,MXOnly-1U-Hotswap,1,A,
K34,MXOnly-1U-Hotswap,1,S,
K35,MXOnly-1U-Hotswap,1,D,
K36,MXOnly-1U-Hotswap,1,F,
K37,MXOnly-1U-Hotswap,1,G,
K38,MXOnly-1U-Hotswap,1,H,
K39,MXOnly-1U-Hotswap,1,J,
K4,MXOnly-1U-Hotswap,1,3,
K40,MXOnly-1U-Hotswap,1,K,
K41,MXOnly-1U-Hotswap,1,L,
K42,MXOnly-1U-Hotswap,1,;,
K43,MXOnly-1U-Hotswap,1,',
K44,MXOnly-2.25U-Hotswap,1,Enter 2.25u,
K45,MXOnly-2.25U-Hotswap,1,Shift 2.25u,
K46,MXOnly-1U-Hotswap,1,Z,
K47,MXOnly-1U-Hotswap,1,X,
K48,MXOnly-1U-Hotswap,1,C,
K49,MXOnly-1U-Hotswap,1,V,
K5,MXOnly-1U-Hotswap,1,4,
K50,MXOnly-1U-Hotswap,1,B,
K51,MXOnly-1U-Hotswap,1,N,
K52,MXOnly-1U-Hotswap,1,M,
K53,MXOnly-1U-Hotswap,1,",",
K54,MXOnly-1U-Hotswap,1,.,
K55,MXOnly-1U-Hotswap,1,/,
K56,MXOnly-2.75U-Hotswap,1,Shift 2.75u,
K57,MXOnly-1.75U-Hotswap,1,Shift 1.75u,
K58,MXOnly-1U-Hotswap,1,FN,
K59,MXOnly-1.25U-Hotswap,1,LCtrl 1.25u,
K6,MXOnly-1U-Hotswap,1,5,
K60,MXOnly-1.25U-Hotswap,1,LWin 1.25u,
K61,MXOnly-1.25U-Hotswap,1,LAlt 1.25u,
K62,MXOnly-6.25U-Hotswap-ReversedStabilizers,1,Space 6.25u,
K63,MXOnly-1.25U-Hotswap,1,RAlt 1.25u,
K64,MXOnly-1.25U-Hotswap,1,FN 1.25u,
K65,MXOnly-1.25U-Hotswap,1,Meta 1.25u,
K66,MXOnly-1.25U-Hotswap,1,RCtrl 1.25u,
K67,MXOnly-1.5U-Hotswap,1,LCtrl 1.5u,
K68,MXOnly-1U-Hotswap,1,LWin,
K69,MXOnly-1.5U-Hotswap,1,LAlt 1.5u,
K7,MXOnly-1U-Hotswap,1,6,
K70,MXOnly-7U-Hotswap,1,Space 7u,
K71,MXOnly-1.5U-Hotswap,1,FN 1.5u,
K72,MXOnly-1U-Hotswap,1,Meta,
K73,MXOnly-1.5U-Hotswap,1,RCtrl 1.5u,
K8,MXOnly-1U-Hotswap,1,7,
K9,MXOnly-1U-Hotswap,1,8,
"R1, R2",0402,2,27,
R3,0402,1,1k,
"R4, R5",0402,2,2.2k,
"R6, R7",0402,2,5.1k,
SW1,SW_SPST_TL3342,1,SW_Push,
U1,RP2040-QFN-56,1,RP2040,
U2,PSON50P300X200X60-9N,1,W25Q128JVS,
U3,ECMF02-4CMX8,1,ECMF02-4CMX8,
U4,SOT-23,1,XC6206PxxxMR,
USB1,HRO-TYPE-C-31-M-12-Assembly,1,HRO-TYPE-C-31-M-12,
Y1,3 Pin Resonator,1,Resonator,
