Designator,Footprint,Quantity,Value,LCSC Part #
"C1, C12, C2, C3, C4, C5, C6, C7, C8, C9",cap_0402_production,10,100n,
"C10, C11, C15",cap_0402_production,3,1u,
"C13, C14",cap_0402_production,2,10u,C77000
"D1, D10, D11, D12, D13, D14, D15, D16, D17, D18, D19, D2, D20, D21, D22, D23, D24, D25, D26, D27, D28, D29, D3, D30, D31, D32, D33, D34, D35, D36, D37, D38, D39, D4, D40, D41, D42, D43, D44, D45, D46, D47, D48, D49, D5, D50, D51, D52, D53, D54, D55, D56, D57, D58, D59, D6, D60, D61, D7, D8, D9",diode_SOD-123_production,61,D,
"D100, D101, D102, D64, D65, D66, D67, D68, D69, D70, D71, D72, D73, D74, D75, D90, D91, D92, D93, D94, D95, D96, D97, D98, D99",SK6812MINI-E RL_production,25,SK6812MINI-E,
"D103, D104, D105, D106, D107, D108, D109, D110, D111, D112, D113, D114, D116, D118, D120, D121, D122, D148, D149, D151, D153, D155, D62, D63, D76, D77, D78, D79, D80, D81, D82, D83, D84, D85, D86, D87, D88, D89",SK6812MINI-E LR_production,38,SK6812MINI-E,
"D115, D117, D119, D123, D125, D126, D127, D128, D129, D130, D131, D132, D133, D134, D135, D136, D137, D138, D139, D140, D141, D142, D143, D144, D145, D146, D147, D150, D152, D154, D156, D157, D158, D159, D160, D161, D162, D163, D164, D165",WS2812b_1010,40,1010,C5349953
F1,fuse_production,1,Polyfuse_Small,
J1,60_Outline-Modded 03,1,Board Outline,
J2,qwiic_stemmaqt_conn_production,1,Unified_Daughterboard,C160404
K1,MXOnly-1U-Hotswap_no_silk_screen,1,Esc,
K10,MXOnly-1U-Hotswap_no_silk_screen,1,9,
K11,MXOnly-1U-Hotswap_no_silk_screen,1,0,
K12,MXOnly-1U-Hotswap_no_silk_screen,1,-,
K13,MXOnly-1U-Hotswap_no_silk_screen,1,=,
K14,MXOnly-2U-Hotswap_production,1,Backspace 2u,
K15,MXOnly-1.5U-Hotswap_production,1,Tab 1.5u,
K16,MXOnly-1U-Hotswap_no_silk_screen,1,Q,
K17,MXOnly-1U-Hotswap_no_silk_screen,1,W,
K18,MXOnly-1U-Hotswap_no_silk_screen,1,E,
K19,MXOnly-1U-Hotswap_no_silk_screen,1,R,
K2,MXOnly-1U-Hotswap_no_silk_screen,1,1,
K20,MXOnly-1U-Hotswap_no_silk_screen,1,T,
K21,MXOnly-1U-Hotswap_no_silk_screen,1,Y,
K22,MXOnly-1U-Hotswap_no_silk_screen,1,U,
K23,MXOnly-1U-Hotswap_no_silk_screen,1,I,
K24,MXOnly-1U-Hotswap_no_silk_screen,1,O,
K25,MXOnly-1U-Hotswap_no_silk_screen,1,P,
K26,MXOnly-1U-Hotswap_no_silk_screen,1,[,
K27,MXOnly-1U-Hotswap_no_silk_screen,1,],
K28,MXOnly-1.5U-Hotswap_production,1,\ 1.5u,
K29,MXOnly-1.75U-Hotswap_production,1,Caps 1.75u,
K3,MXOnly-1U-Hotswap_no_silk_screen,1,2,
K30,MXOnly-1U-Hotswap_no_silk_screen,1,A,
K31,MXOnly-1U-Hotswap_no_silk_screen,1,S,
K32,MXOnly-1U-Hotswap_no_silk_screen,1,D,
K33,MXOnly-1U-Hotswap_no_silk_screen,1,F,
K34,MXOnly-1U-Hotswap_no_silk_screen,1,G,
K35,MXOnly-1U-Hotswap_no_silk_screen,1,H,
K36,MXOnly-1U-Hotswap_no_silk_screen,1,J,
K37,MXOnly-1U-Hotswap_no_silk_screen,1,K,
K38,MXOnly-1U-Hotswap_no_silk_screen,1,L,
K39,MXOnly-1U-Hotswap_no_silk_screen,1,;,
K4,MXOnly-1U-Hotswap_no_silk_screen,1,3,
K40,MXOnly-1U-Hotswap_no_silk_screen,1,',
K41,MXOnly-2.25U-Hotswap_production,1,Enter 2.25u,
K42,MXOnly-2.25U-Hotswap_production,1,Shift 2.25u,
K43,MXOnly-1U-Hotswap_no_silk_screen,1,Z,
K44,MXOnly-1U-Hotswap_no_silk_screen,1,X,
K45,MXOnly-1U-Hotswap_no_silk_screen,1,C,
K46,MXOnly-1U-Hotswap_no_silk_screen,1,V,
K47,MXOnly-1U-Hotswap_no_silk_screen,1,B,
K48,MXOnly-1U-Hotswap_no_silk_screen,1,N,
K49,MXOnly-1U-Hotswap_no_silk_screen,1,M,
K5,MXOnly-1U-Hotswap_no_silk_screen,1,4,
K50,MXOnly-1U-Hotswap_no_silk_screen,1,",",
K51,MXOnly-1U-Hotswap_no_silk_screen,1,.,
K52,MXOnly-1U-Hotswap_no_silk_screen,1,/,
K53,MXOnly-2.75U-Hotswap_production,1,Shift 2.75u,
K54,MXOnly-1.25U-Hotswap_production,1,LCtrl 1.25u,
K55,MXOnly-1.25U-Hotswap_production,1,LWin 1.25u,
K56,MXOnly-1.25U-Hotswap_production,1,LAlt 1.25u,
K57,MXOnly-6.25U-Hotswap-ReversedStabilizers_production,1,Space 6.25u,
K58,MXOnly-1.25U-Hotswap_production,1,RAlt 1.25u,
K59,MXOnly-1.25U-Hotswap_production,1,FN 1.25u,
K6,MXOnly-1U-Hotswap_no_silk_screen,1,5,
K60,MXOnly-1.25U-Hotswap_production,1,Meta 1.25u,
K61,MXOnly-1.25U-Hotswap_production,1,RCtrl 1.25u,
K7,MXOnly-1U-Hotswap_no_silk_screen,1,6,
K8,MXOnly-1U-Hotswap_no_silk_screen,1,7,
K9,MXOnly-1U-Hotswap_no_silk_screen,1,8,
"R1, R2",resistor_0402_production,2,27,
R4,resistor_0402_production,1,1k,
"R7, R8",cap_0402_production,2,5.1k,
SW1,reset_switch_TL3342_production,1,SW_Push,
U2,rp2040_production,1,RP2040,
U3,rp2040_flash_production,1,W25Q128JVS,
U4,emi_production,1,ECMF02-4CMX8,
U5,voltage_regulator_production,1,XC6206PxxxMR,
USB1,usb_c_production,1,HRO-TYPE-C-31-M-12,
Y1,resonator_3_pin_production,1,Resonator,
