Designator,Footprint,Quantity,Value,LCSC Part #
"D1, D10, D11, D12, D17, D18, D19, D20, D29, D3, D30, D31, D33, D34, D36, D4",MX_SK6812MINI-E_upward_facing,16,SK6812MINI-E,
"D13, D14, D15, D16, D21, D22, D23, D24, D25, D26, D27, D28, D5, D6, D7, D8",D_SOD123_axial,16,D,
"D2, D32, D35, D9",MX_SK6812MINI-E_flipped,4,SK6812MINI-E,
"K1, K10, K11, K12, K13, K14, K15, K16, K2, K3, K4, K5, K6, K7, K8, K9",MXOnly-1U-NoLED,16,KEYSW,
"SW1, SW2",RotaryEncoder_EC11,2,Rotary_Encoder_Switch,
SW3,SW_SPST_TL3342,1,SW_PUSH,
U1,ArduinoProMicro,1,ProMicro,
