Designator,Footprint,Quantity,Value,LCSC Part #
"C1, C12, C2, C3, C4, C5, C6, C7, C8, C9",cap_0402_production,10,100n,C77014
"C10, C11, C15",cap_0402_production,3,1u,C77009
"C13, C14",cap_0402_production,2,10u,C77075
"D1, D10, D11, D12, D13, D14, D15, D16, D17, D18, D19, D2, D20, D21, D22, D23, D24, D25, D26, D27, D28, D29, D3, D30, D31, D32, D33, D34, D35, D36, D37, D38, D39, D4, D40, D41, D42, D43, D44, D45, D46, D47, D48, D49, D5, D50, D51, D52, D53, D54, D55, D56, D57, D58, D59, D6, D60, D61, D62, D63, D64, D65, D66, D67, D68, D7, D8, D9",diode_SOD-123_production,68,D,C83528
"D69, D70, D71, D72, D73, D74, D75, D76, D77, D78, D79, D80, D81, D82, D83, D84, D85, D86, D87, D88, D89",ws2812b_5050_production,21,WS2812B,C114586
F1,1206,1,Polyfuse_Small,C70076
J1,qwiic_stemmaqt_conn_production,1,QWIIC_CONNECTORJS-1MM,C160404
J2,60_Outline-Modded 02,1,Conn_01x01_Female,
J3,PinSocket_1x02_P2.54mm_Vertical,1,Conn_01x02_Female,
J4,qwiic_stemmaqt_conn_production,1,SM04B-SRSS-TB(LF)(SN),C160404
K1,MXOnly-1U-NoLED,1,Esc,
K10,MXOnly-1U-NoLED,1,9,
K100,MX-10U-ReversedStabilizers-NoLED,1,Space 10u,
"K101, K53",MXOnly-1U-NoLED,2,Z,
"K102, K54",MXOnly-1U-NoLED,2,X,
"K103, K55",MXOnly-1U-NoLED,2,C,
"K104, K56",MXOnly-1U-NoLED,2,V,
"K105, K57",MXOnly-1U-NoLED,2,B,
"K106, K58",MXOnly-1U-NoLED,2,N,
"K107, K59",MXOnly-1U-NoLED,2,M,
"K108, K60",MXOnly-1U-NoLED,2,",",
"K109, K61",MXOnly-1U-NoLED,2,.,
K11,MXOnly-1U-NoLED,1,0,
"K110, K62",MXOnly-1U-NoLED,2,/,
K111,MXOnly-2U-NoLED,1,Shift 2u,
K112,MXOnly-1U-NoLED,1,2u_Shift_row_1u,
K12,MXOnly-1U-NoLED,1,-,
K13,MXOnly-1U-NoLED,1,=,
K14,MXOnly-2U-NoLED,1,Backspace 2u,
K15,MXOnly-1U-NoLED,1,\ 1u,
K16,MXOnly-1U-NoLED,1,` 1u,
K17,MXOnly-1.5U-NoLED,1,Tab 1.5u,
K18,MXOnly-1U-NoLED,1,Q,
K19,MXOnly-1U-NoLED,1,W,
K2,MXOnly-1U-NoLED,1,1,
K20,MXOnly-1U-NoLED,1,E,
K21,MXOnly-1U-NoLED,1,R,
K22,MXOnly-1U-NoLED,1,T,
K23,MXOnly-1U-NoLED,1,Y,
K24,MXOnly-1U-NoLED,1,U,
K25,MXOnly-1U-NoLED,1,I,
K26,MXOnly-1U-NoLED,1,O,
K27,MXOnly-1U-NoLED,1,P,
K28,MXOnly-1U-NoLED,1,[,
K29,MXOnly-1U-NoLED,1,],
K3,MXOnly-1U-NoLED,1,2,
K30,MXOnly-1.5U-NoLED,1,\ 1.5u,
K31,MXOnly-1.25U-NoLED,1,Caps Stepped,
K32,MXOnly-1.75U-NoLED,1,Caps 1.75u,
K33,MXOnly-1U-NoLED,1,A,
K34,MXOnly-1U-NoLED,1,S,
K35,MXOnly-1U-NoLED,1,D,
K36,MXOnly-1U-NoLED,1,F,
K37,MXOnly-1U-NoLED,1,G,
K38,MXOnly-1U-NoLED,1,H,
K39,MXOnly-1U-NoLED,1,J,
K4,MXOnly-1U-NoLED,1,3,
K40,MXOnly-1U-NoLED,1,K,
K41,MXOnly-1U-NoLED,1,L,
K42,MXOnly-1U-NoLED,1,;,
K43,MXOnly-1U-NoLED,1,',
K44,MXOnly-1U-NoLED,1,ISO ',
K45,MXOnly-2.25U-NoLED,1,Enter 2.25u,
K46,MXOnly-ISO-ROTATED-ReversedStabilizers-NoLED,1,ISO Enter,
K47,MXOnly-1.25U-NoLED,1,Enter 1.25u 01,
K48,MXOnly-1.25U-NoLED,1,Enter 1.25u 02,
K49,MXOnly-1U-NoLED,1,Enter,
K5,MXOnly-1U-NoLED,1,4,
K50,MXOnly-2.25U-NoLED,1,Shift 2.25u,
K51,MXOnly-1.25U-NoLED,1,Shift 1.25u,
K52,MXOnly-1U-NoLED,1,ISO <>,
K6,MXOnly-1U-NoLED,1,5,
K63,MXOnly-1.75U-NoLED,1,Shift 1.75u 01,
K64,MXOnly-2.75U-NoLED,1,Shift 2.75u,
"K65, K86",MXOnly-1U-NoLED,2,1u 01,
"K66, K87",MXOnly-1U-NoLED,2,1u 02,
K67,MXOnly-1.75U-NoLED,1,Shift 1.75u 02,
K68,MXOnly-1.25U-NoLED,1,LCtrl 1.25u,
K69,MXOnly-1.25U-NoLED,1,LWin 1.25u,
K7,MXOnly-1U-NoLED,1,6,
K70,MXOnly-1.25U-NoLED,1,LAlt 1.25u,
K71,MXOnly-6.25U-ReversedStabilizers-NoLED,1,Space 6.25u,
K72,MXOnly-1.25U-NoLED,1,RAlt 1.25u,
K73,MXOnly-1.25U-NoLED,1,FN 1.25u,
K74,MXOnly-1.25U-NoLED,1,Meta 1.25u,
K75,MXOnly-1.25U-NoLED,1,RCtrl 1.25u,
K76,MXOnly-1.5U-NoLED,1,LCtrl 1.5u,
K77,MXOnly-1U-NoLED,1,LWin,
K78,MXOnly-1.5U-NoLED,1,LAlt 1.5u,
K79,MXOnly-7U-ReversedStabilizers-NoLED,1,Space 7u,
K8,MXOnly-1U-NoLED,1,7,
K80,MXOnly-1.5U-NoLED,1,FN 1.5u,
K81,MXOnly-1U-NoLED,1,Meta,
K82,MXOnly-1.5U-NoLED,1,RCtrl 1.5u,
K83,MXOnly-2.75U-ReversedStabilizers-NoLED,1,LSpace 2.75u 01,
K84,MXOnly-1.25U-NoLED,1,Space 1.25u 01,
K85,MXOnly-2.25U-ReversedStabilizers-NoLED,1,RSpace 2.25u,
K88,MXOnly-1U-NoLED,1,1u 03,
K89,MXOnly-1U-NoLED,1,1u 04,
K9,MXOnly-1U-NoLED,1,8,
K90,MXOnly-1U-NoLED,1,1u 05,
K91,MXOnly-2.25U-ReversedStabilizers-NoLED,1,LSpace 2.25u,
K92,MXOnly-1.25U-NoLED,1,Space 1.25u 02,
K93,MXOnly-2.75U-ReversedStabilizers-NoLED,1,RSpace 2.75u 01,
K94,MXOnly-1.5U-NoLED,1,RAlt 1.5u,
K95,MXOnly-2.75U-ReversedStabilizers-NoLED,1,LSpace 2.75u 02,
K96,MXOnly-2.75U-ReversedStabilizers-NoLED,1,RSpace 2.75u 02,
K97,MXOnly-3U-ReversedStabilizers-NoLED,1,LSpace 3u,
K98,MXOnly-1U-NoLED,1,Space 6u Centered,
K99,MXOnly-3U-ReversedStabilizers-NoLED,1,RSpace 3u,
"R1, R2",0402,2,27,C227342
"R3, R4",0402,2,2.2k,C326602
R5,0402,1,1k,C375497
"R6, R7",0402,2,5.1k,C138073
"SW1, SW2, SW3",encoder_production,3,Rotary_Encoder_Switch,
SW4,reset_switch_TL3342_production,1,SW_Push,C2886897
U1,rp2040_production,1,RP2040,C2040
U2,rp2040_flash_production,1,W25Q128JVS,C2843335
U3,emi_production,1,ECMF02-4CMX8,C717678
U4,SOT-23,1,XC6206PxxxMR,C347376
USB1,usb_c_production,1,HRO-TYPE-C-31-M-12,C165948
Y1,resonator_3_pin_production,1,Resonator,C341520
